Year,Month,Branch_code1,Branch_code2,Branch_code3,Jxl,Jxl_fz,Jxl_fm
2013,1,分公司1,分公司1四级机构1,分公司1四级机构1业务部1,0.91,66951,73573
2013,1,分公司1,分公司1四级机构1,分公司1四级机构1业务部2,0.79,45208,57225
2013,1,分公司1,分公司1四级机构2,分公司1四级机构2业务部1,0.5,34261,68521
2013,1,分公司2,分公司2四级机构1,分公司2四级机构1业务部1,0.79,35058,44377
2013,1,分公司2,分公司2四级机构2,分公司2四级机构2业务部1,0.62,42548,68626
2013,1,分公司2,分公司2四级机构2,分公司2四级机构2业务部2,0.39,9801,25131
2013,1,分公司2,分公司2四级机构3,分公司2四级机构3业务部1,0.09,5688,63200
2013,1,分公司2,分公司2四级机构3,分公司2四级机构3业务部2,0.93,69093,74294
2013,1,分公司3,分公司3四级机构1,分公司3四级机构1业务部1,0.54,4927,9124
2013,1,分公司3,分公司3四级机构2,分公司3四级机构2业务部1,0.37,19738,53347
2013,1,分公司3,分公司3四级机构3,分公司3四级机构3业务部1,0.74,18667,25225
2013,1,分公司3,分公司3四级机构3,分公司3四级机构3业务部2,0.76,62095,81704
2013,1,分公司4,分公司4四级机构1,分公司4四级机构1业务部1,0.23,8118,35294
2013,1,分公司4,分公司4四级机构1,分公司4四级机构1业务部2,0.64,44215,69086
2013,1,分公司5,分公司5四级机构1,分公司5四级机构1业务部1,0.17,11755,69148
2013,1,分公司5,分公司5四级机构1,分公司5四级机构1业务部2,0.2,1591,7955
2013,2,分公司1,分公司1四级机构1,分公司1四级机构1业务部1,0.64,35208,55013
2013,2,分公司1,分公司1四级机构2,分公司1四级机构2业务部1,0.15,14617,97448
2013,2,分公司1,分公司1四级机构3,分公司1四级机构3业务部1,0.47,34306,72992
2013,2,分公司1,分公司1四级机构3,分公司1四级机构3业务部2,0.51,21427,42014
2013,2,分公司2,分公司2四级机构1,分公司2四级机构1业务部1,0.5,27497,54993
2013,2,分公司2,分公司2四级机构1,分公司2四级机构1业务部2,0.53,21566,40690
2013,2,分公司3,分公司3四级机构1,分公司3四级机构1业务部1,0.66,8290,12560
2013,2,分公司3,分公司3四级机构1,分公司3四级机构1业务部2,0.85,33215,39077
2013,2,分公司3,分公司3四级机构2,分公司3四级机构2业务部1,0.88,42800,48636
2013,2,分公司3,分公司3四级机构2,分公司3四级机构2业务部2,0.96,62955,65578
2013,2,分公司4,分公司4四级机构1,分公司4四级机构1业务部1,0.3,16944,56480
2013,2,分公司5,分公司5四级机构1,分公司5四级机构1业务部1,0.62,56887,91753
2013,3,分公司1,分公司1四级机构1,分公司1四级机构1业务部1,0.66,58194,88172
2013,3,分公司1,分公司1四级机构1,分公司1四级机构1业务部2,0.37,8201,22164
2013,3,分公司2,分公司2四级机构1,分公司2四级机构1业务部1,0.19,1246,6556
2013,3,分公司2,分公司2四级机构1,分公司2四级机构1业务部2,0.69,26377,38227
2013,3,分公司3,分公司3四级机构1,分公司3四级机构1业务部1,0.76,48569,63907
2013,3,分公司3,分公司3四级机构2,分公司3四级机构2业务部1,0.15,12705,84700
2013,3,分公司4,分公司4四级机构1,分公司4四级机构1业务部1,0.9,56923,63248
2013,3,分公司4,分公司4四级机构2,分公司4四级机构2业务部1,0.84,7567,9008
2013,3,分公司4,分公司4四级机构2,分公司4四级机构2业务部2,0.88,57941,65842
2013,3,分公司5,分公司5四级机构1,分公司5四级机构1业务部1,0.82,5255,6409
2013,3,分公司5,分公司5四级机构1,分公司5四级机构1业务部2,0.11,7161,65104
2013,3,分公司5,分公司5四级机构2,分公司5四级机构2业务部1,0.15,3253,21685
2013,3,分公司5,分公司5四级机构2,分公司5四级机构2业务部2,0.38,10163,26746
2013,4,分公司1,分公司1四级机构1,分公司1四级机构1业务部1,0.73,10776,14761
2013,4,分公司2,分公司2四级机构1,分公司2四级机构1业务部1,0.96,10865,11318
2013,4,分公司2,分公司2四级机构2,分公司2四级机构2业务部1,0.82,40354,49212
2013,4,分公司3,分公司3四级机构1,分公司3四级机构1业务部1,0.42,35903,85483
2013,4,分公司3,分公司3四级机构1,分公司3四级机构1业务部2,0.57,22860,40105
2013,4,分公司4,分公司4四级机构1,分公司4四级机构1业务部1,0.56,28196,50350
2013,4,分公司4,分公司4四级机构2,分公司4四级机构2业务部1,0.76,9508,12510
2013,4,分公司5,分公司5四级机构1,分公司5四级机构1业务部1,0.18,16873,93740
2013,5,分公司1,分公司1四级机构1,分公司1四级机构1业务部1,0.89,63815,71702
2013,5,分公司1,分公司1四级机构2,分公司1四级机构2业务部1,0.75,25269,33692
2013,5,分公司1,分公司1四级机构3,分公司1四级机构3业务部1,0.82,60684,74005
2013,5,分公司1,分公司1四级机构3,分公司1四级机构3业务部2,0.56,2019,3606
2013,5,分公司2,分公司2四级机构1,分公司2四级机构1业务部1,0.49,21356,43584
2013,5,分公司2,分公司2四级机构2,分公司2四级机构2业务部1,0.55,4667,8486
2013,5,分公司2,分公司2四级机构3,分公司2四级机构3业务部1,0.27,17253,63901
2013,5,分公司3,分公司3四级机构1,分公司3四级机构1业务部1,0.8,20770,25963
2013,5,分公司4,分公司4四级机构1,分公司4四级机构1业务部1,0.97,18261,18826
2013,5,分公司4,分公司4四级机构1,分公司4四级机构1业务部2,0.43,37131,86350
2013,5,分公司4,分公司4四级机构2,分公司4四级机构2业务部1,0.13,6513,50103
2013,5,分公司4,分公司4四级机构3,分公司4四级机构3业务部1,0.33,20619,62481
2013,5,分公司4,分公司4四级机构3,分公司4四级机构3业务部2,0.22,2033,9239
2013,5,分公司5,分公司5四级机构1,分公司5四级机构1业务部1,0.47,32679,69530
2013,5,分公司5,分公司5四级机构1,分公司5四级机构1业务部2,0.42,36459,86806
2013,5,分公司5,分公司5四级机构2,分公司5四级机构2业务部1,0.83,48139,57999
2013,6,分公司1,分公司1四级机构1,分公司1四级机构1业务部1,0.84,80623,95980
2013,6,分公司1,分公司1四级机构1,分公司1四级机构1业务部2,0.05,4333,86665
2013,6,分公司2,分公司2四级机构1,分公司2四级机构1业务部1,0.46,20798,45212
2013,6,分公司2,分公司2四级机构2,分公司2四级机构2业务部1,0.03,2866,95543
2013,6,分公司3,分公司3四级机构1,分公司3四级机构1业务部1,0.8,28601,35751
2013,6,分公司4,分公司4四级机构1,分公司4四级机构1业务部1,0.73,69598,95340
2013,6,分公司4,分公司4四级机构1,分公司4四级机构1业务部2,0.22,1362,6189
2013,6,分公司5,分公司5四级机构1,分公司5四级机构1业务部1,0.47,18305,38946
2013,6,分公司5,分公司5四级机构2,分公司5四级机构2业务部1,0.35,26891,76830
2013,6,分公司5,分公司5四级机构3,分公司5四级机构3业务部1,0.37,17554,47444
2013,6,分公司5,分公司5四级机构3,分公司5四级机构3业务部2,0.16,3761,23505
2013,7,分公司1,分公司1四级机构1,分公司1四级机构1业务部1,0.47,38276,81439
2013,7,分公司2,分公司2四级机构1,分公司2四级机构1业务部1,0.77,4752,6171
2013,7,分公司3,分公司3四级机构1,分公司3四级机构1业务部1,0.34,7499,22055
2013,7,分公司3,分公司3四级机构2,分公司3四级机构2业务部1,0.33,27548,83478
2013,7,分公司4,分公司4四级机构1,分公司4四级机构1业务部1,0.67,30462,45466
2013,7,分公司5,分公司5四级机构1,分公司5四级机构1业务部1,0.18,7181,39892
2013,7,分公司5,分公司5四级机构1,分公司5四级机构1业务部2,0.71,51459,72477
2013,8,分公司1,分公司1四级机构1,分公司1四级机构1业务部1,0.47,21288,45293
2013,8,分公司2,分公司2四级机构1,分公司2四级机构1业务部1,0.88,6875,7812
2013,8,分公司3,分公司3四级机构1,分公司3四级机构1业务部1,0.38,33313,87667
2013,8,分公司3,分公司3四级机构1,分公司3四级机构1业务部2,0.7,43469,62098
2013,8,分公司3,分公司3四级机构2,分公司3四级机构2业务部1,0.47,23978,51016
2013,8,分公司4,分公司4四级机构1,分公司4四级机构1业务部1,0.37,31789,85917
2013,8,分公司4,分公司4四级机构2,分公司4四级机构2业务部1,0.62,37525,60524
2013,8,分公司4,分公司4四级机构2,分公司4四级机构2业务部2,0.79,1606,2033
2013,8,分公司4,分公司4四级机构3,分公司4四级机构3业务部1,0.14,6212,44369
2013,8,分公司5,分公司5四级机构1,分公司5四级机构1业务部1,0.06,4096,68265
2013,8,分公司5,分公司5四级机构2,分公司5四级机构2业务部1,0.92,57096,62061
2013,9,分公司1,分公司1四级机构1,分公司1四级机构1业务部1,0.09,1809,20099
2013,9,分公司1,分公司1四级机构1,分公司1四级机构1业务部2,0.09,3738,41529
2013,9,分公司1,分公司1四级机构2,分公司1四级机构2业务部1,0.7,36226,51752
2013,9,分公司2,分公司2四级机构1,分公司2四级机构1业务部1,0.08,4370,54622
2013,9,分公司2,分公司2四级机构1,分公司2四级机构1业务部2,0.91,56399,61977
2013,9,分公司3,分公司3四级机构1,分公司3四级机构1业务部1,0.11,8655,78681
2013,9,分公司4,分公司4四级机构1,分公司4四级机构1业务部1,0.88,40600,46136
2013,9,分公司4,分公司4四级机构2,分公司4四级机构2业务部1,0.89,10598,11908
2013,9,分公司4,分公司4四级机构3,分公司4四级机构3业务部1,0.9,49064,54515
2013,9,分公司5,分公司5四级机构1,分公司5四级机构1业务部1,0.42,1445,3440
2013,9,分公司5,分公司5四级机构1,分公司5四级机构1业务部2,0.76,69591,91567
2013,9,分公司5,分公司5四级机构2,分公司5四级机构2业务部1,0.05,61,1224
2013,9,分公司5,分公司5四级机构2,分公司5四级机构2业务部2,0.97,64657,66657
2013,9,分公司5,分公司5四级机构3,分公司5四级机构3业务部1,0.22,19105,86840
2013,9,分公司5,分公司5四级机构3,分公司5四级机构3业务部2,0.03,1252,41731
2013,10,分公司1,分公司1四级机构1,分公司1四级机构1业务部1,0.41,32964,80399
2013,10,分公司1,分公司1四级机构2,分公司1四级机构2业务部1,0.47,38640,82213
2013,10,分公司1,分公司1四级机构2,分公司1四级机构2业务部2,0.58,3506,6044
2013,10,分公司2,分公司2四级机构1,分公司2四级机构1业务部1,0.89,49447,55558
2013,10,分公司2,分公司2四级机构2,分公司2四级机构2业务部1,0.31,15607,50346
2013,10,分公司2,分公司2四级机构2,分公司2四级机构2业务部2,0.05,1803,36064
2013,10,分公司2,分公司2四级机构3,分公司2四级机构3业务部1,0.36,32486,90239
2013,10,分公司2,分公司2四级机构3,分公司2四级机构3业务部2,0.55,30521,55492
2013,10,分公司3,分公司3四级机构1,分公司3四级机构1业务部1,0.89,3573,4015
2013,10,分公司3,分公司3四级机构2,分公司3四级机构2业务部1,0.58,17198,29652
2013,10,分公司3,分公司3四级机构2,分公司3四级机构2业务部2,0.5,17519,35037
2013,10,分公司3,分公司3四级机构3,分公司3四级机构3业务部1,0.73,50807,69599
2013,10,分公司3,分公司3四级机构3,分公司3四级机构3业务部2,0.6,50650,84417
2013,10,分公司4,分公司4四级机构1,分公司4四级机构1业务部1,0.97,78867,81306
2013,10,分公司4,分公司4四级机构1,分公司4四级机构1业务部2,0.2,3647,18235
2013,10,分公司4,分公司4四级机构2,分公司4四级机构2业务部1,0.63,41011,65097
2013,10,分公司5,分公司5四级机构1,分公司5四级机构1业务部1,0.47,39946,84991
2013,10,分公司5,分公司5四级机构1,分公司5四级机构1业务部2,0.25,1705,6818
2013,10,分公司5,分公司5四级机构2,分公司5四级机构2业务部1,0.28,13274,47408
2013,10,分公司5,分公司5四级机构2,分公司5四级机构2业务部2,0.85,47439,55810
2013,10,分公司5,分公司5四级机构3,分公司5四级机构3业务部1,0.45,14189,31530
2013,11,分公司1,分公司1四级机构1,分公司1四级机构1业务部1,0.2,961,4807
2013,11,分公司1,分公司1四级机构1,分公司1四级机构1业务部2,0.09,5846,64958
2013,11,分公司2,分公司2四级机构1,分公司2四级机构1业务部1,0.07,5028,71831
2013,11,分公司2,分公司2四级机构2,分公司2四级机构2业务部1,0.63,20949,33253
2013,11,分公司2,分公司2四级机构2,分公司2四级机构2业务部2,0.25,10840,43359
2013,11,分公司3,分公司3四级机构1,分公司3四级机构1业务部1,0.58,22779,39274
2013,11,分公司3,分公司3四级机构1,分公司3四级机构1业务部2,0.5,347,694
2013,11,分公司3,分公司3四级机构2,分公司3四级机构2业务部1,0.88,87071,98944
2013,11,分公司4,分公司4四级机构1,分公司4四级机构1业务部1,0.86,72379,84162
2013,11,分公司4,分公司4四级机构2,分公司4四级机构2业务部1,0.51,9415,18461
2013,11,分公司4,分公司4四级机构2,分公司4四级机构2业务部2,0.18,649,3605
2013,11,分公司4,分公司4四级机构3,分公司4四级机构3业务部1,0.97,51455,53046
2013,11,分公司4,分公司4四级机构3,分公司4四级机构3业务部2,0.67,14005,20903
2013,11,分公司5,分公司5四级机构1,分公司5四级机构1业务部1,0.91,10253,11267
2013,11,分公司5,分公司5四级机构2,分公司5四级机构2业务部1,0.06,266,4425
2013,11,分公司5,分公司5四级机构3,分公司5四级机构3业务部1,0.43,25403,59077
2013,12,分公司1,分公司1四级机构1,分公司1四级机构1业务部1,0.38,3385,8908
2013,12,分公司1,分公司1四级机构1,分公司1四级机构1业务部2,0.26,4798,18454
2013,12,分公司1,分公司1四级机构2,分公司1四级机构2业务部1,0.08,6124,76552
2013,12,分公司1,分公司1四级机构3,分公司1四级机构3业务部1,0.4,18788,46971
2013,12,分公司2,分公司2四级机构1,分公司2四级机构1业务部1,0.85,56080,65977
2013,12,分公司3,分公司3四级机构1,分公司3四级机构1业务部1,0.01,76,7574
2013,12,分公司3,分公司3四级机构1,分公司3四级机构1业务部2,0.25,21131,84525
2013,12,分公司3,分公司3四级机构2,分公司3四级机构2业务部1,0.69,53977,78228
2013,12,分公司3,分公司3四级机构2,分公司3四级机构2业务部2,0.61,11716,19206
2013,12,分公司3,分公司3四级机构3,分公司3四级机构3业务部1,0.01,907,90715
2013,12,分公司3,分公司3四级机构3,分公司3四级机构3业务部2,0.24,2813,11720
2013,12,分公司4,分公司4四级机构1,分公司4四级机构1业务部1,0.3,6804,22681
2013,12,分公司4,分公司4四级机构1,分公司4四级机构1业务部2,0.96,9340,9729
2013,12,分公司4,分公司4四级机构2,分公司4四级机构2业务部1,0.28,9851,35183
2013,12,分公司4,分公司4四级机构2,分公司4四级机构2业务部2,0.59,26277,44537
2013,12,分公司4,分公司4四级机构3,分公司4四级机构3业务部1,0.52,50408,96939
2013,12,分公司5,分公司5四级机构1,分公司5四级机构1业务部1,0.89,86029,96662
2013,12,分公司5,分公司5四级机构2,分公司5四级机构2业务部1,0.38,1921,5056
2013,12,分公司5,分公司5四级机构2,分公司5四级机构2业务部2,0.77,2452,3184
2013,12,分公司5,分公司5四级机构3,分公司5四级机构3业务部1,0.03,72,2411
2014,1,分公司1,分公司1四级机构1,分公司1四级机构1业务部1,0.62,20039,32321
2014,1,分公司1,分公司1四级机构2,分公司1四级机构2业务部1,0.53,33295,62821
2014,1,分公司1,分公司1四级机构2,分公司1四级机构2业务部2,0.19,15073,79331
2014,1,分公司1,分公司1四级机构3,分公司1四级机构3业务部1,0.39,28266,72477
2014,1,分公司2,分公司2四级机构1,分公司2四级机构1业务部1,0.4,13058,32645
2014,1,分公司2,分公司2四级机构1,分公司2四级机构1业务部2,0.14,1719,12282
2014,1,分公司2,分公司2四级机构2,分公司2四级机构2业务部1,0.87,84658,97308
2014,1,分公司3,分公司3四级机构1,分公司3四级机构1业务部1,0.8,43895,54869
2014,1,分公司3,分公司3四级机构2,分公司3四级机构2业务部1,0.13,2427,18671
2014,1,分公司3,分公司3四级机构2,分公司3四级机构2业务部2,0.77,71371,92690
2014,1,分公司4,分公司4四级机构1,分公司4四级机构1业务部1,0.31,24427,78798
2014,1,分公司4,分公司4四级机构1,分公司4四级机构1业务部2,0.19,4453,23436
2014,1,分公司4,分公司4四级机构2,分公司4四级机构2业务部1,0.39,34965,89655
2014,1,分公司4,分公司4四级机构3,分公司4四级机构3业务部1,0.63,39580,62825
2014,1,分公司4,分公司4四级机构3,分公司4四级机构3业务部2,0.9,67235,74705
2014,1,分公司5,分公司5四级机构1,分公司5四级机构1业务部1,0.32,2980,9311
2014,1,分公司5,分公司5四级机构1,分公司5四级机构1业务部2,0.42,31770,75644
2014,2,分公司1,分公司1四级机构1,分公司1四级机构1业务部1,0.23,10501,45657
2014,2,分公司1,分公司1四级机构1,分公司1四级机构1业务部2,0.85,34294,40346
2014,2,分公司2,分公司2四级机构1,分公司2四级机构1业务部1,0.44,37437,85085
2014,2,分公司2,分公司2四级机构1,分公司2四级机构1业务部2,0.55,46135,83881
2014,2,分公司2,分公司2四级机构2,分公司2四级机构2业务部1,0.48,32837,68410
2014,2,分公司2,分公司2四级机构3,分公司2四级机构3业务部1,0.54,47732,88392
2014,2,分公司2,分公司2四级机构3,分公司2四级机构3业务部2,0.73,4192,5742
2014,2,分公司3,分公司3四级机构1,分公司3四级机构1业务部1,0.73,52131,71413
2014,2,分公司3,分公司3四级机构1,分公司3四级机构1业务部2,0.34,18441,54237
2014,2,分公司4,分公司4四级机构1,分公司4四级机构1业务部1,0.68,30026,44156
2014,2,分公司4,分公司4四级机构1,分公司4四级机构1业务部2,0.58,19987,34461
2014,2,分公司4,分公司4四级机构2,分公司4四级机构2业务部1,0.97,14529,14978
2014,2,分公司4,分公司4四级机构2,分公司4四级机构2业务部2,0.72,41264,57311
2014,2,分公司4,分公司4四级机构3,分公司4四级机构3业务部1,0.38,2541,6686
2014,2,分公司5,分公司5四级机构1,分公司5四级机构1业务部1,0.53,13693,25836
2014,2,分公司5,分公司5四级机构2,分公司5四级机构2业务部1,0.69,55136,79907
2014,2,分公司5,分公司5四级机构2,分公司5四级机构2业务部2,0.08,1321,16515
2014,3,分公司1,分公司1四级机构1,分公司1四级机构1业务部1,0.49,42904,87559
2014,3,分公司2,分公司2四级机构1,分公司2四级机构1业务部1,0.6,23897,39829
2014,3,分公司2,分公司2四级机构1,分公司2四级机构1业务部2,0.61,14379,23572
2014,3,分公司2,分公司2四级机构2,分公司2四级机构2业务部1,0.19,6118,32202
2014,3,分公司2,分公司2四级机构2,分公司2四级机构2业务部2,0.4,18158,45395
2014,3,分公司3,分公司3四级机构1,分公司3四级机构1业务部1,0.75,66143,88190
2014,3,分公司3,分公司3四级机构1,分公司3四级机构1业务部2,0.71,14160,19944
2014,3,分公司3,分公司3四级机构2,分公司3四级机构2业务部1,0.6,57283,95471
2014,3,分公司3,分公司3四级机构3,分公司3四级机构3业务部1,0.39,30418,77996
2014,3,分公司3,分公司3四级机构3,分公司3四级机构3业务部2,0.48,13629,28393
2014,3,分公司4,分公司4四级机构1,分公司4四级机构1业务部1,0.33,11927,36142
2014,3,分公司5,分公司5四级机构1,分公司5四级机构1业务部1,0.77,62123,80679
2014,3,分公司5,分公司5四级机构1,分公司5四级机构1业务部2,0.86,30560,35535
2014,3,分公司5,分公司5四级机构2,分公司5四级机构2业务部1,0.61,3350,5491
2014,3,分公司5,分公司5四级机构2,分公司5四级机构2业务部2,0.41,22463,54788
2014,3,分公司5,分公司5四级机构3,分公司5四级机构3业务部1,0.53,4507,8504
2014,4,分公司1,分公司1四级机构1,分公司1四级机构1业务部1,0.99,26031,26294
2014,4,分公司1,分公司1四级机构1,分公司1四级机构1业务部2,0.73,8763,12004
2014,4,分公司1,分公司1四级机构2,分公司1四级机构2业务部1,0.96,22702,23648
2014,4,分公司1,分公司1四级机构3,分公司1四级机构3业务部1,0.99,92925,93864
2014,4,分公司1,分公司1四级机构3,分公司1四级机构3业务部2,0.25,14572,58289
2014,4,分公司2,分公司2四级机构1,分公司2四级机构1业务部1,0.32,5996,18737
2014,4,分公司2,分公司2四级机构1,分公司2四级机构1业务部2,0.14,12159,86852
2014,4,分公司3,分公司3四级机构1,分公司3四级机构1业务部1,0.73,70990,97246
2014,4,分公司3,分公司3四级机构2,分公司3四级机构2业务部1,0.93,59262,63723
2014,4,分公司3,分公司3四级机构3,分公司3四级机构3业务部1,0.52,38143,73352
2014,4,分公司4,分公司4四级机构1,分公司4四级机构1业务部1,0.91,12449,13680
2014,4,分公司4,分公司4四级机构2,分公司4四级机构2业务部1,0.86,70848,82381
2014,4,分公司5,分公司5四级机构1,分公司5四级机构1业务部1,0.42,18256,43466
2014,4,分公司5,分公司5四级机构2,分公司5四级机构2业务部1,0.94,48434,51525
2014,4,分公司5,分公司5四级机构3,分公司5四级机构3业务部1,0.61,12880,21114
2014,5,分公司1,分公司1四级机构1,分公司1四级机构1业务部1,0.93,53521,57549
2014,5,分公司1,分公司1四级机构2,分公司1四级机构2业务部1,0.91,61016,67051
2014,5,分公司1,分公司1四级机构2,分公司1四级机构2业务部2,0.27,6438,23845
2014,5,分公司2,分公司2四级机构1,分公司2四级机构1业务部1,0.63,46573,73926
2014,5,分公司2,分公司2四级机构1,分公司2四级机构1业务部2,0.95,74980,78926
2014,5,分公司2,分公司2四级机构2,分公司2四级机构2业务部1,0.6,44948,74914
2014,5,分公司2,分公司2四级机构3,分公司2四级机构3业务部1,0.22,20436,92893
2014,5,分公司3,分公司3四级机构1,分公司3四级机构1业务部1,0.62,25241,40712
2014,5,分公司3,分公司3四级机构2,分公司3四级机构2业务部1,0.24,15490,64540
2014,5,分公司3,分公司3四级机构2,分公司3四级机构2业务部2,0.91,85812,94299
2014,5,分公司4,分公司4四级机构1,分公司4四级机构1业务部1,0.89,9703,10902
2014,5,分公司4,分公司4四级机构1,分公司4四级机构1业务部2,0.97,2443,2519
2014,5,分公司4,分公司4四级机构2,分公司4四级机构2业务部1,0.95,58089,61146
2014,5,分公司4,分公司4四级机构2,分公司4四级机构2业务部2,0.37,6933,18737
2014,5,分公司4,分公司4四级机构3,分公司4四级机构3业务部1,0.14,6178,44127
2014,5,分公司5,分公司5四级机构1,分公司5四级机构1业务部1,0.86,8289,9638
2014,5,分公司5,分公司5四级机构2,分公司5四级机构2业务部1,0.88,83610,95011
2014,5,分公司5,分公司5四级机构2,分公司5四级机构2业务部2,0.03,2662,88721
2014,6,分公司1,分公司1四级机构1,分公司1四级机构1业务部1,0.49,39387,80381
2014,6,分公司1,分公司1四级机构2,分公司1四级机构2业务部1,0.66,24006,36373
2014,6,分公司2,分公司2四级机构1,分公司2四级机构1业务部1,0.8,62243,77804
2014,6,分公司2,分公司2四级机构1,分公司2四级机构1业务部2,0.22,11285,51296
2014,6,分公司2,分公司2四级机构2,分公司2四级机构2业务部1,0.25,21362,85446
2014,6,分公司2,分公司2四级机构3,分公司2四级机构3业务部1,0.86,8392,9758
2014,6,分公司3,分公司3四级机构1,分公司3四级机构1业务部1,0.06,5438,90626
2014,6,分公司3,分公司3四级机构1,分公司3四级机构1业务部2,0.27,1715,6352
2014,6,分公司4,分公司4四级机构1,分公司4四级机构1业务部1,0.25,16474,65896
2014,6,分公司4,分公司4四级机构1,分公司4四级机构1业务部2,0.31,9806,31633
2014,6,分公司5,分公司5四级机构1,分公司5四级机构1业务部1,0.71,42492,59848
2014,6,分公司5,分公司5四级机构1,分公司5四级机构1业务部2,0.51,20705,40598
2014,6,分公司5,分公司5四级机构2,分公司5四级机构2业务部1,0.33,16863,51100
2014,6,分公司5,分公司5四级机构2,分公司5四级机构2业务部2,0.98,9547,9742
2014,6,分公司5,分公司5四级机构3,分公司5四级机构3业务部1,0.49,22064,45029
2014,7,分公司1,分公司1四级机构1,分公司1四级机构1业务部1,0.86,66231,77013
2014,7,分公司2,分公司2四级机构1,分公司2四级机构1业务部1,0.3,16707,55690
2014,7,分公司2,分公司2四级机构1,分公司2四级机构1业务部2,0.67,14521,21673
2014,7,分公司2,分公司2四级机构2,分公司2四级机构2业务部1,0.71,44177,62221
2014,7,分公司3,分公司3四级机构1,分公司3四级机构1业务部1,0.9,89824,99804
2014,7,分公司3,分公司3四级机构1,分公司3四级机构1业务部2,0.71,24986,35191
2014,7,分公司3,分公司3四级机构2,分公司3四级机构2业务部1,0.71,31776,44755
2014,7,分公司3,分公司3四级机构2,分公司3四级机构2业务部2,0.2,4129,20647
2014,7,分公司4,分公司4四级机构1,分公司4四级机构1业务部1,0.33,7506,22744
2014,7,分公司5,分公司5四级机构1,分公司5四级机构1业务部1,0.24,1311,5461
2014,8,分公司1,分公司1四级机构1,分公司1四级机构1业务部1,0.12,10104,84201
2014,8,分公司1,分公司1四级机构1,分公司1四级机构1业务部2,0.43,34900,81162
2014,8,分公司2,分公司2四级机构1,分公司2四级机构1业务部1,0.25,22733,90932
2014,8,分公司2,分公司2四级机构2,分公司2四级机构2业务部1,0.31,27716,89407
2014,8,分公司2,分公司2四级机构3,分公司2四级机构3业务部1,0.01,175,17534
2014,8,分公司2,分公司2四级机构3,分公司2四级机构3业务部2,0.77,34986,45437
2014,8,分公司3,分公司3四级机构1,分公司3四级机构1业务部1,0.52,12038,23150
2014,8,分公司3,分公司3四级机构1,分公司3四级机构1业务部2,0.32,8592,26849
2014,8,分公司3,分公司3四级机构2,分公司3四级机构2业务部1,0.51,50128,98291
2014,8,分公司3,分公司3四级机构2,分公司3四级机构2业务部2,0.5,35589,71177
2014,8,分公司3,分公司3四级机构3,分公司3四级机构3业务部1,0.33,20199,61209
2014,8,分公司3,分公司3四级机构3,分公司3四级机构3业务部2,0.79,76449,96771
2014,8,分公司4,分公司4四级机构1,分公司4四级机构1业务部1,0.65,33840,52061
2014,8,分公司4,分公司4四级机构1,分公司4四级机构1业务部2,0.22,10065,45748
2014,8,分公司4,分公司4四级机构2,分公司4四级机构2业务部1,0.66,25885,39219
2014,8,分公司4,分公司4四级机构2,分公司4四级机构2业务部2,0.7,5602,8003
2014,8,分公司4,分公司4四级机构3,分公司4四级机构3业务部1,0.28,21499,76783
2014,8,分公司4,分公司4四级机构3,分公司4四级机构3业务部2,0.97,49001,50517
2014,8,分公司5,分公司5四级机构1,分公司5四级机构1业务部1,0.83,26827,32322
2014,9,分公司1,分公司1四级机构1,分公司1四级机构1业务部1,0.86,19090,22198
2014,9,分公司1,分公司1四级机构1,分公司1四级机构1业务部2,0.35,5595,15987
2014,9,分公司1,分公司1四级机构2,分公司1四级机构2业务部1,0.77,64526,83800
2014,9,分公司1,分公司1四级机构3,分公司1四级机构3业务部1,0.42,14089,33546
2014,9,分公司2,分公司2四级机构1,分公司2四级机构1业务部1,0.75,47441,63255
2014,9,分公司2,分公司2四级机构2,分公司2四级机构2业务部1,0.45,29768,66150
2014,9,分公司2,分公司2四级机构3,分公司2四级机构3业务部1,0.71,39699,55914
2014,9,分公司3,分公司3四级机构1,分公司3四级机构1业务部1,0.88,30661,34842
2014,9,分公司4,分公司4四级机构1,分公司4四级机构1业务部1,0.07,5164,73773
2014,9,分公司4,分公司4四级机构2,分公司4四级机构2业务部1,0.51,641,1256
2014,9,分公司4,分公司4四级机构2,分公司4四级机构2业务部2,0.85,47764,56193
2014,9,分公司5,分公司5四级机构1,分公司5四级机构1业务部1,0.99,96607,97583
2014,10,分公司1,分公司1四级机构1,分公司1四级机构1业务部1,0.87,66198,76090
2014,10,分公司1,分公司1四级机构2,分公司1四级机构2业务部1,0.28,12564,44873
2014,10,分公司2,分公司2四级机构1,分公司2四级机构1业务部1,0.46,4235,9206
2014,10,分公司2,分公司2四级机构2,分公司2四级机构2业务部1,0.06,3635,60580
2014,10,分公司3,分公司3四级机构1,分公司3四级机构1业务部1,0.11,8605,78226
2014,10,分公司3,分公司3四级机构1,分公司3四级机构1业务部2,0,0,3429
2014,10,分公司3,分公司3四级机构2,分公司3四级机构2业务部1,0.64,6621,10345
2014,10,分公司3,分公司3四级机构3,分公司3四级机构3业务部1,0.93,78714,84639
2014,10,分公司4,分公司4四级机构1,分公司4四级机构1业务部1,0.94,13546,14411
2014,10,分公司4,分公司4四级机构2,分公司4四级机构2业务部1,0.87,27279,31355
2014,10,分公司4,分公司4四级机构2,分公司4四级机构2业务部2,0.01,361,36139
2014,10,分公司4,分公司4四级机构3,分公司4四级机构3业务部1,0.32,21061,65815
2014,10,分公司4,分公司4四级机构3,分公司4四级机构3业务部2,0.01,119,11909
2014,10,分公司5,分公司5四级机构1,分公司5四级机构1业务部1,0.79,10336,13083
2014,10,分公司5,分公司5四级机构1,分公司5四级机构1业务部2,0.69,51451,74566
2014,10,分公司5,分公司5四级机构2,分公司5四级机构2业务部1,0.78,53856,69046
2014,10,分公司5,分公司5四级机构3,分公司5四级机构3业务部1,0.56,27450,49018
2014,10,分公司5,分公司5四级机构3,分公司5四级机构3业务部2,0.75,2846,3794
2014,11,分公司1,分公司1四级机构1,分公司1四级机构1业务部1,0.45,12282,27294
2014,11,分公司1,分公司1四级机构1,分公司1四级机构1业务部2,0.8,79834,99792
2014,11,分公司1,分公司1四级机构2,分公司1四级机构2业务部1,0.03,2811,93692
2014,11,分公司1,分公司1四级机构2,分公司1四级机构2业务部2,0.41,26723,65177
2014,11,分公司2,分公司2四级机构1,分公司2四级机构1业务部1,0.99,70117,70825
2014,11,分公司2,分公司2四级机构1,分公司2四级机构1业务部2,0.88,82395,93631
2014,11,分公司3,分公司3四级机构1,分公司3四级机构1业务部1,0.38,29255,76987
2014,11,分公司3,分公司3四级机构1,分公司3四级机构1业务部2,0.57,52519,92139
2014,11,分公司4,分公司4四级机构1,分公司4四级机构1业务部1,0.22,19532,88782
2014,11,分公司4,分公司4四级机构1,分公司4四级机构1业务部2,0.07,1178,16826
2014,11,分公司4,分公司4四级机构2,分公司4四级机构2业务部1,0.87,67200,77241
2014,11,分公司4,分公司4四级机构2,分公司4四级机构2业务部2,0.61,59835,98090
2014,11,分公司4,分公司4四级机构3,分公司4四级机构3业务部1,0.68,29325,43125
2014,11,分公司4,分公司4四级机构3,分公司4四级机构3业务部2,0.45,10611,23580
2014,11,分公司5,分公司5四级机构1,分公司5四级机构1业务部1,0.97,62387,64316
2014,11,分公司5,分公司5四级机构1,分公司5四级机构1业务部2,0.65,14771,22725
2014,11,分公司5,分公司5四级机构2,分公司5四级机构2业务部1,0.69,68394,99122
2014,12,分公司1,分公司1四级机构1,分公司1四级机构1业务部1,0.53,42650,80471
2014,12,分公司1,分公司1四级机构1,分公司1四级机构1业务部2,0.55,10350,18818
2014,12,分公司1,分公司1四级机构2,分公司1四级机构2业务部1,0.13,7154,55028
2014,12,分公司2,分公司2四级机构1,分公司2四级机构1业务部1,0.79,41127,52060
2014,12,分公司2,分公司2四级机构2,分公司2四级机构2业务部1,0.02,669,33437
2014,12,分公司3,分公司3四级机构1,分公司3四级机构1业务部1,0.23,14856,64591
2014,12,分公司3,分公司3四级机构1,分公司3四级机构1业务部2,0.99,11753,11872
2014,12,分公司3,分公司3四级机构2,分公司3四级机构2业务部1,0.6,41511,69185
2014,12,分公司3,分公司3四级机构2,分公司3四级机构2业务部2,0.18,10266,57033
2014,12,分公司4,分公司4四级机构1,分公司4四级机构1业务部1,0.46,7542,16395
2014,12,分公司4,分公司4四级机构1,分公司4四级机构1业务部2,0.33,27017,81869
2014,12,分公司5,分公司5四级机构1,分公司5四级机构1业务部1,0.98,16048,16376
2014,12,分公司5,分公司5四级机构1,分公司5四级机构1业务部2,0.62,53370,86081
2014,12,分公司5,分公司5四级机构2,分公司5四级机构2业务部1,0.46,16594,36074
2015,1,分公司1,分公司1四级机构1,分公司1四级机构1业务部1,0.86,45927,53403
2015,1,分公司1,分公司1四级机构1,分公司1四级机构1业务部2,0.33,17650,53486
2015,1,分公司1,分公司1四级机构2,分公司1四级机构2业务部1,0.11,9481,86192
2015,1,分公司1,分公司1四级机构2,分公司1四级机构2业务部2,0.24,8111,33794
2015,1,分公司1,分公司1四级机构3,分公司1四级机构3业务部1,0.05,2719,54384
2015,1,分公司2,分公司2四级机构1,分公司2四级机构1业务部1,0.12,1942,16185
2015,1,分公司2,分公司2四级机构2,分公司2四级机构2业务部1,0.19,15339,80731
2015,1,分公司2,分公司2四级机构3,分公司2四级机构3业务部1,0.62,1569,2531
2015,1,分公司3,分公司3四级机构1,分公司3四级机构1业务部1,0.65,56157,86396
2015,1,分公司3,分公司3四级机构2,分公司3四级机构2业务部1,0.55,27931,50783
2015,1,分公司4,分公司4四级机构1,分公司4四级机构1业务部1,0.18,12753,70850
2015,1,分公司5,分公司5四级机构1,分公司5四级机构1业务部1,0.68,12920,19000
2015,1,分公司5,分公司5四级机构2,分公司5四级机构2业务部1,0.87,70492,81025
2015,1,分公司5,分公司5四级机构3,分公司5四级机构3业务部1,0.69,17069,24738
2015,2,分公司1,分公司1四级机构1,分公司1四级机构1业务部1,0.18,14007,77815
2015,2,分公司1,分公司1四级机构2,分公司1四级机构2业务部1,0.18,4979,27659
2015,2,分公司1,分公司1四级机构2,分公司1四级机构2业务部2,0.92,91605,99571
2015,2,分公司1,分公司1四级机构3,分公司1四级机构3业务部1,0.42,38018,90518
2015,2,分公司2,分公司2四级机构1,分公司2四级机构1业务部1,0.85,61954,72887
2015,2,分公司3,分公司3四级机构1,分公司3四级机构1业务部1,0.12,1975,16457
2015,2,分公司3,分公司3四级机构2,分公司3四级机构2业务部1,0.94,36621,38959
2015,2,分公司3,分公司3四级机构2,分公司3四级机构2业务部2,0.04,2336,58411
2015,2,分公司3,分公司3四级机构3,分公司3四级机构3业务部1,0.75,22768,30357
2015,2,分公司4,分公司4四级机构1,分公司4四级机构1业务部1,0.38,13130,34552
2015,2,分公司4,分公司4四级机构1,分公司4四级机构1业务部2,0.61,7745,12696
2015,2,分公司5,分公司5四级机构1,分公司5四级机构1业务部1,0.84,46033,54801
2015,2,分公司5,分公司5四级机构2,分公司5四级机构2业务部1,0.93,78889,84827
2015,2,分公司5,分公司5四级机构2,分公司5四级机构2业务部2,0.21,15825,75356
2015,2,分公司5,分公司5四级机构3,分公司5四级机构3业务部1,0.21,11427,54414
2015,2,分公司5,分公司5四级机构3,分公司5四级机构3业务部2,0.53,50837,95919
2015,3,分公司1,分公司1四级机构1,分公司1四级机构1业务部1,0.61,1302,2135
2015,3,分公司1,分公司1四级机构1,分公司1四级机构1业务部2,0.72,31891,44293
2015,3,分公司1,分公司1四级机构2,分公司1四级机构2业务部1,0.43,37867,88063
2015,3,分公司2,分公司2四级机构1,分公司2四级机构1业务部1,0.18,10577,58759
2015,3,分公司2,分公司2四级机构1,分公司2四级机构1业务部2,0.21,13712,65295
2015,3,分公司3,分公司3四级机构1,分公司3四级机构1业务部1,0.63,37772,59955
2015,3,分公司3,分公司3四级机构2,分公司3四级机构2业务部1,0.88,39354,44721
2015,3,分公司3,分公司3四级机构3,分公司3四级机构3业务部1,0.48,21445,44678
2015,3,分公司4,分公司4四级机构1,分公司4四级机构1业务部1,0.11,9803,89114
2015,3,分公司4,分公司4四级机构1,分公司4四级机构1业务部2,0.82,55355,67506
2015,3,分公司4,分公司4四级机构2,分公司4四级机构2业务部1,0.57,13051,22897
2015,3,分公司4,分公司4四级机构3,分公司4四级机构3业务部1,0.88,53580,60886
2015,3,分公司4,分公司4四级机构3,分公司4四级机构3业务部2,0.75,6248,8330
2015,3,分公司5,分公司5四级机构1,分公司5四级机构1业务部1,0.88,55704,63300
2015,3,分公司5,分公司5四级机构1,分公司5四级机构1业务部2,0.85,53282,62685
2015,4,分公司1,分公司1四级机构1,分公司1四级机构1业务部1,0.01,32,3189
2015,4,分公司1,分公司1四级机构2,分公司1四级机构2业务部1,0.53,52802,99626
2015,4,分公司1,分公司1四级机构2,分公司1四级机构2业务部2,0.72,17414,24186
2015,4,分公司2,分公司2四级机构1,分公司2四级机构1业务部1,0.79,21391,27077
2015,4,分公司2,分公司2四级机构1,分公司2四级机构1业务部2,0.11,3138,28525
2015,4,分公司2,分公司2四级机构2,分公司2四级机构2业务部1,0,0,24806
2015,4,分公司2,分公司2四级机构2,分公司2四级机构2业务部2,0.08,5825,72808
2015,4,分公司2,分公司2四级机构3,分公司2四级机构3业务部1,0.68,67558,99350
2015,4,分公司3,分公司3四级机构1,分公司3四级机构1业务部1,0.26,22852,87894
2015,4,分公司3,分公司3四级机构1,分公司3四级机构1业务部2,0.28,18105,64660
2015,4,分公司3,分公司3四级机构2,分公司3四级机构2业务部1,0.85,6510,7659
2015,4,分公司3,分公司3四级机构2,分公司3四级机构2业务部2,0.83,76384,92029
2015,4,分公司4,分公司4四级机构1,分公司4四级机构1业务部1,0.97,53080,54722
2015,4,分公司4,分公司4四级机构1,分公司4四级机构1业务部2,0.13,1697,13050
2015,4,分公司4,分公司4四级机构2,分公司4四级机构2业务部1,0.66,15953,24171
2015,4,分公司5,分公司5四级机构1,分公司5四级机构1业务部1,0.78,63230,81064
2015,4,分公司5,分公司5四级机构2,分公司5四级机构2业务部1,0.22,13982,63553
2015,4,分公司5,分公司5四级机构2,分公司5四级机构2业务部2,0.95,90003,94740
2015,4,分公司5,分公司5四级机构3,分公司5四级机构3业务部1,0.29,25619,88340
2015,5,分公司1,分公司1四级机构1,分公司1四级机构1业务部1,0.79,43615,55209
2015,5,分公司1,分公司1四级机构1,分公司1四级机构1业务部2,0.91,29672,32607
2015,5,分公司1,分公司1四级机构2,分公司1四级机构2业务部1,0.06,2680,44670
2015,5,分公司1,分公司1四级机构2,分公司1四级机构2业务部2,0.03,772,25736
2015,5,分公司1,分公司1四级机构3,分公司1四级机构3业务部1,0.58,8877,15306
2015,5,分公司2,分公司2四级机构1,分公司2四级机构1业务部1,0.36,21065,58514
2015,5,分公司2,分公司2四级机构1,分公司2四级机构1业务部2,0.22,12861,58458
2015,5,分公司2,分公司2四级机构2,分公司2四级机构2业务部1,0.66,449,680
2015,5,分公司2,分公司2四级机构2,分公司2四级机构2业务部2,0.61,38667,63389
2015,5,分公司3,分公司3四级机构1,分公司3四级机构1业务部1,0.53,42292,79797
2015,5,分公司3,分公司3四级机构2,分公司3四级机构2业务部1,0.3,6569,21898
2015,5,分公司4,分公司4四级机构1,分公司4四级机构1业务部1,0.54,4523,8375
2015,5,分公司4,分公司4四级机构1,分公司4四级机构1业务部2,0.57,48069,84332
2015,5,分公司4,分公司4四级机构2,分公司4四级机构2业务部1,0.99,96016,96986
2015,5,分公司5,分公司5四级机构1,分公司5四级机构1业务部1,0.94,27079,28807
2015,6,分公司1,分公司1四级机构1,分公司1四级机构1业务部1,0.79,67051,84875
2015,6,分公司2,分公司2四级机构1,分公司2四级机构1业务部1,0.94,88817,94486
2015,6,分公司3,分公司3四级机构1,分公司3四级机构1业务部1,0.73,53319,73040
2015,6,分公司3,分公司3四级机构1,分公司3四级机构1业务部2,0.05,533,10651
2015,6,分公司3,分公司3四级机构2,分公司3四级机构2业务部1,0.57,3470,6088
2015,6,分公司3,分公司3四级机构2,分公司3四级机构2业务部2,0.52,22688,43631
2015,6,分公司4,分公司4四级机构1,分公司4四级机构1业务部1,0.37,1092,2950
2015,6,分公司5,分公司5四级机构1,分公司5四级机构1业务部1,0.92,62035,67429
2015,6,分公司5,分公司5四级机构2,分公司5四级机构2业务部1,0.61,9852,16150
2015,7,分公司1,分公司1四级机构1,分公司1四级机构1业务部1,0.84,39997,47616
2015,7,分公司1,分公司1四级机构1,分公司1四级机构1业务部2,0.72,2020,2806
2015,7,分公司1,分公司1四级机构2,分公司1四级机构2业务部1,0.43,13790,32069
2015,7,分公司1,分公司1四级机构3,分公司1四级机构3业务部1,0.72,45772,63572
2015,7,分公司2,分公司2四级机构1,分公司2四级机构1业务部1,0.64,60273,94176
2015,7,分公司2,分公司2四级机构1,分公司2四级机构1业务部2,0.68,27430,40338
2015,7,分公司3,分公司3四级机构1,分公司3四级机构1业务部1,0.83,8663,10437
2015,7,分公司3,分公司3四级机构1,分公司3四级机构1业务部2,0.89,71993,80891
2015,7,分公司3,分公司3四级机构2,分公司3四级机构2业务部1,0.3,12906,43019
2015,7,分公司3,分公司3四级机构3,分公司3四级机构3业务部1,0.26,14779,56843
2015,7,分公司4,分公司4四级机构1,分公司4四级机构1业务部1,0.42,3180,7572
2015,7,分公司4,分公司4四级机构1,分公司4四级机构1业务部2,0.45,28049,62332
2015,7,分公司4,分公司4四级机构2,分公司4四级机构2业务部1,0.29,24274,83705
2015,7,分公司4,分公司4四级机构2,分公司4四级机构2业务部2,0.04,2504,62601
2015,7,分公司5,分公司5四级机构1,分公司5四级机构1业务部1,0.55,9822,17858
2015,7,分公司5,分公司5四级机构2,分公司5四级机构2业务部1,0.31,16223,52331
2015,8,分公司1,分公司1四级机构1,分公司1四级机构1业务部1,0.06,838,13967
2015,8,分公司1,分公司1四级机构1,分公司1四级机构1业务部2,0.77,3731,4846
2015,8,分公司1,分公司1四级机构2,分公司1四级机构2业务部1,0.58,178,307
2015,8,分公司2,分公司2四级机构1,分公司2四级机构1业务部1,0.37,29661,80165
2015,8,分公司2,分公司2四级机构1,分公司2四级机构1业务部2,0.2,4762,23812
2015,8,分公司2,分公司2四级机构2,分公司2四级机构2业务部1,0.19,15831,83321
2015,8,分公司2,分公司2四级机构2,分公司2四级机构2业务部2,0.22,17632,80145
2015,8,分公司2,分公司2四级机构3,分公司2四级机构3业务部1,0.4,8396,20989
2015,8,分公司3,分公司3四级机构1,分公司3四级机构1业务部1,0.17,3618,21281
2015,8,分公司3,分公司3四级机构1,分公司3四级机构1业务部2,0.58,15845,27319
2015,8,分公司3,分公司3四级机构2,分公司3四级机构2业务部1,0.77,2741,3560
2015,8,分公司3,分公司3四级机构3,分公司3四级机构3业务部1,0.02,490,24496
2015,8,分公司4,分公司4四级机构1,分公司4四级机构1业务部1,0.07,1653,23620
2015,8,分公司4,分公司4四级机构1,分公司4四级机构1业务部2,0.31,1903,6140
2015,8,分公司4,分公司4四级机构2,分公司4四级机构2业务部1,0.14,6146,43902
2015,8,分公司5,分公司5四级机构1,分公司5四级机构1业务部1,0.92,68341,74284
2015,9,分公司1,分公司1四级机构1,分公司1四级机构1业务部1,0.03,2983,99430
2015,9,分公司1,分公司1四级机构1,分公司1四级机构1业务部2,0.19,531,2797
2015,9,分公司1,分公司1四级机构2,分公司1四级机构2业务部1,0.73,54035,74021
2015,9,分公司1,分公司1四级机构2,分公司1四级机构2业务部2,0.41,26059,63559
2015,9,分公司1,分公司1四级机构3,分公司1四级机构3业务部1,0.08,7998,99977
2015,9,分公司1,分公司1四级机构3,分公司1四级机构3业务部2,0.3,10748,35825
2015,9,分公司2,分公司2四级机构1,分公司2四级机构1业务部1,0.3,4681,15602
2015,9,分公司2,分公司2四级机构1,分公司2四级机构1业务部2,0.09,7363,81812
2015,9,分公司2,分公司2四级机构2,分公司2四级机构2业务部1,0.64,28989,45296
2015,9,分公司2,分公司2四级机构2,分公司2四级机构2业务部2,0.99,98003,98993
2015,9,分公司2,分公司2四级机构3,分公司2四级机构3业务部1,0.41,17926,43722
2015,9,分公司3,分公司3四级机构1,分公司3四级机构1业务部1,0.34,30269,89026
2015,9,分公司3,分公司3四级机构1,分公司3四级机构1业务部2,0.52,30457,58571
2015,9,分公司4,分公司4四级机构1,分公司4四级机构1业务部1,0.65,664,1022
2015,9,分公司5,分公司5四级机构1,分公司5四级机构1业务部1,0.91,52108,57261
2015,10,分公司1,分公司1四级机构1,分公司1四级机构1业务部1,0.56,23022,41110
2015,10,分公司1,分公司1四级机构1,分公司1四级机构1业务部2,0.99,8146,8228
2015,10,分公司1,分公司1四级机构2,分公司1四级机构2业务部1,0.37,2540,6864
2015,10,分公司2,分公司2四级机构1,分公司2四级机构1业务部1,0.24,16634,69310
2015,10,分公司2,分公司2四级机构1,分公司2四级机构1业务部2,0,0,7154
2015,10,分公司2,分公司2四级机构2,分公司2四级机构2业务部1,0.04,1217,30431
2015,10,分公司2,分公司2四级机构3,分公司2四级机构3业务部1,0.66,58631,88835
2015,10,分公司3,分公司3四级机构1,分公司3四级机构1业务部1,0.43,39784,92520
2015,10,分公司3,分公司3四级机构1,分公司3四级机构1业务部2,0.92,90258,98107
2015,10,分公司3,分公司3四级机构2,分公司3四级机构2业务部1,0.01,120,11999
2015,10,分公司4,分公司4四级机构1,分公司4四级机构1业务部1,0.47,10351,22024
2015,10,分公司4,分公司4四级机构1,分公司4四级机构1业务部2,0.13,3394,26108
2015,10,分公司4,分公司4四级机构2,分公司4四级机构2业务部1,0.91,44464,48861
2015,10,分公司4,分公司4四级机构2,分公司4四级机构2业务部2,0.25,23113,92452
2015,10,分公司4,分公司4四级机构3,分公司4四级机构3业务部1,0.21,8659,41231
2015,10,分公司5,分公司5四级机构1,分公司5四级机构1业务部1,0.41,34528,84214
2015,11,分公司1,分公司1四级机构1,分公司1四级机构1业务部1,0.18,17040,94669
2015,11,分公司1,分公司1四级机构2,分公司1四级机构2业务部1,0.86,78705,91518
2015,11,分公司1,分公司1四级机构2,分公司1四级机构2业务部2,0.3,25360,84533
2015,11,分公司1,分公司1四级机构3,分公司1四级机构3业务部1,0.65,1767,2719
2015,11,分公司1,分公司1四级机构3,分公司1四级机构3业务部2,0.03,2812,93748
2015,11,分公司2,分公司2四级机构1,分公司2四级机构1业务部1,0.05,4517,90347
2015,11,分公司3,分公司3四级机构1,分公司3四级机构1业务部1,0.16,13484,84275
2015,11,分公司3,分公司3四级机构1,分公司3四级机构1业务部2,0.04,2511,62780
2015,11,分公司4,分公司4四级机构1,分公司4四级机构1业务部1,0.86,16445,19122
2015,11,分公司4,分公司4四级机构1,分公司4四级机构1业务部2,0.03,1130,37663
2015,11,分公司5,分公司5四级机构1,分公司5四级机构1业务部1,0.56,15901,28395
2015,11,分公司5,分公司5四级机构2,分公司5四级机构2业务部1,0.91,33633,36959
2015,12,分公司1,分公司1四级机构1,分公司1四级机构1业务部1,0.97,50862,52435
2015,12,分公司1,分公司1四级机构2,分公司1四级机构2业务部1,0.62,39465,63654
2015,12,分公司1,分公司1四级机构2,分公司1四级机构2业务部2,0.1,3481,34806
2015,12,分公司2,分公司2四级机构1,分公司2四级机构1业务部1,0.43,41308,96066
2015,12,分公司2,分公司2四级机构2,分公司2四级机构2业务部1,0.33,17143,51948
2015,12,分公司2,分公司2四级机构2,分公司2四级机构2业务部2,0.3,5628,18759
2015,12,分公司3,分公司3四级机构1,分公司3四级机构1业务部1,0.43,6230,14488
2015,12,分公司3,分公司3四级机构1,分公司3四级机构1业务部2,0.64,20534,32085
2015,12,分公司4,分公司4四级机构1,分公司4四级机构1业务部1,0.84,83975,99970
2015,12,分公司4,分公司4四级机构1,分公司4四级机构1业务部2,0,0,30559
2015,12,分公司4,分公司4四级机构2,分公司4四级机构2业务部1,0.59,49383,83700
2015,12,分公司4,分公司4四级机构3,分公司4四级机构3业务部1,0.01,350,34991
2015,12,分公司5,分公司5四级机构1,分公司5四级机构1业务部1,0.61,8635,14155
2015,12,分公司5,分公司5四级机构1,分公司5四级机构1业务部2,0.3,21837,72790
2016,1,分公司1,分公司1四级机构1,分公司1四级机构1业务部1,0.95,45838,48251
2016,1,分公司1,分公司1四级机构1,分公司1四级机构1业务部2,0.67,49989,74611
2016,1,分公司1,分公司1四级机构2,分公司1四级机构2业务部1,0.82,66278,80827
2016,1,分公司1,分公司1四级机构2,分公司1四级机构2业务部2,0.48,11494,23945
2016,1,分公司2,分公司2四级机构1,分公司2四级机构1业务部1,0.67,60892,90884
2016,1,分公司2,分公司2四级机构1,分公司2四级机构1业务部2,0.15,2720,18132
2016,1,分公司2,分公司2四级机构2,分公司2四级机构2业务部1,0.97,48005,49490
2016,1,分公司3,分公司3四级机构1,分公司3四级机构1业务部1,0.98,78847,80456
2016,1,分公司3,分公司3四级机构1,分公司3四级机构1业务部2,0.02,1026,51313
2016,1,分公司3,分公司3四级机构2,分公司3四级机构2业务部1,0.18,11438,63544
2016,1,分公司3,分公司3四级机构2,分公司3四级机构2业务部2,0.45,38549,85664
2016,1,分公司4,分公司4四级机构1,分公司4四级机构1业务部1,0.28,7009,25031
2016,1,分公司4,分公司4四级机构2,分公司4四级机构2业务部1,0.08,2564,32047
2016,1,分公司5,分公司5四级机构1,分公司5四级机构1业务部1,0.47,27362,58216
2016,1,分公司5,分公司5四级机构1,分公司5四级机构1业务部2,0.17,7407,43571
2016,2,分公司1,分公司1四级机构1,分公司1四级机构1业务部1,0.01,44,4422
2016,2,分公司1,分公司1四级机构1,分公司1四级机构1业务部2,0.6,52037,86728
2016,2,分公司2,分公司2四级机构1,分公司2四级机构1业务部1,0.52,15427,29668
2016,2,分公司2,分公司2四级机构1,分公司2四级机构1业务部2,0.63,13292,21098
2016,2,分公司2,分公司2四级机构2,分公司2四级机构2业务部1,0.85,68217,80255
2016,2,分公司2,分公司2四级机构2,分公司2四级机构2业务部2,0.01,197,19683
2016,2,分公司2,分公司2四级机构3,分公司2四级机构3业务部1,0.48,32708,68141
2016,2,分公司2,分公司2四级机构3,分公司2四级机构3业务部2,0.07,334,4766
2016,2,分公司3,分公司3四级机构1,分公司3四级机构1业务部1,0.39,24723,63392
2016,2,分公司4,分公司4四级机构1,分公司4四级机构1业务部1,0.57,26559,46594
2016,2,分公司4,分公司4四级机构1,分公司4四级机构1业务部2,0.83,31849,38372
2016,2,分公司5,分公司5四级机构1,分公司5四级机构1业务部1,0.83,59528,71721
2016,2,分公司5,分公司5四级机构2,分公司5四级机构2业务部1,0.65,34034,52360
2016,3,分公司1,分公司1四级机构1,分公司1四级机构1业务部1,0.18,1288,7153
2016,3,分公司2,分公司2四级机构1,分公司2四级机构1业务部1,0.69,46556,67473
2016,3,分公司2,分公司2四级机构1,分公司2四级机构1业务部2,0.71,29948,42180
2016,3,分公司3,分公司3四级机构1,分公司3四级机构1业务部1,0.29,15021,51796
2016,3,分公司3,分公司3四级机构2,分公司3四级机构2业务部1,0.61,35841,58755
2016,3,分公司3,分公司3四级机构3,分公司3四级机构3业务部1,0.23,19744,85845
2016,3,分公司3,分公司3四级机构3,分公司3四级机构3业务部2,0.27,12967,48026
2016,3,分公司4,分公司4四级机构1,分公司4四级机构1业务部1,0.8,1598,1997
2016,3,分公司4,分公司4四级机构2,分公司4四级机构2业务部1,0.41,35755,87207
2016,3,分公司4,分公司4四级机构2,分公司4四级机构2业务部2,0.69,68145,98761
2016,3,分公司4,分公司4四级机构3,分公司4四级机构3业务部1,0.12,2729,22740
2016,3,分公司4,分公司4四级机构3,分公司4四级机构3业务部2,0.52,5283,10160
2016,3,分公司5,分公司5四级机构1,分公司5四级机构1业务部1,0.46,6057,13167
2016,3,分公司5,分公司5四级机构1,分公司5四级机构1业务部2,0.43,41099,95580
2016,3,分公司5,分公司5四级机构2,分公司5四级机构2业务部1,0.51,17400,34117
2016,4,分公司1,分公司1四级机构1,分公司1四级机构1业务部1,0.32,4354,13606
2016,4,分公司1,分公司1四级机构1,分公司1四级机构1业务部2,0.45,18580,41288
2016,4,分公司1,分公司1四级机构2,分公司1四级机构2业务部1,0.51,7347,14406
2016,4,分公司1,分公司1四级机构2,分公司1四级机构2业务部2,0.86,36017,41880
2016,4,分公司2,分公司2四级机构1,分公司2四级机构1业务部1,0.11,2211,20096
2016,4,分公司2,分公司2四级机构1,分公司2四级机构1业务部2,0.75,62973,83964
2016,4,分公司3,分公司3四级机构1,分公司3四级机构1业务部1,0.77,50109,65077
2016,4,分公司3,分公司3四级机构1,分公司3四级机构1业务部2,0.57,40385,70850
2016,4,分公司4,分公司4四级机构1,分公司4四级机构1业务部1,0.8,75180,93975
2016,4,分公司4,分公司4四级机构1,分公司4四级机构1业务部2,0.5,5013,10025
2016,4,分公司4,分公司4四级机构2,分公司4四级机构2业务部1,0.88,4464,5073
2016,4,分公司4,分公司4四级机构2,分公司4四级机构2业务部2,0.99,72498,73230
2016,4,分公司4,分公司4四级机构3,分公司4四级机构3业务部1,0.11,7223,65663
2016,4,分公司4,分公司4四级机构3,分公司4四级机构3业务部2,0.82,78579,95828
2016,4,分公司5,分公司5四级机构1,分公司5四级机构1业务部1,0.96,14909,15530
2016,4,分公司5,分公司5四级机构2,分公司5四级机构2业务部1,0.19,6932,36485
2016,4,分公司5,分公司5四级机构2,分公司5四级机构2业务部2,0.54,26907,49828
2016,5,分公司1,分公司1四级机构1,分公司1四级机构1业务部1,0.74,48507,65550
2016,5,分公司1,分公司1四级机构1,分公司1四级机构1业务部2,0.94,51145,54410
2016,5,分公司1,分公司1四级机构2,分公司1四级机构2业务部1,0.91,88247,96975
2016,5,分公司1,分公司1四级机构2,分公司1四级机构2业务部2,0.38,27956,73569
2016,5,分公司2,分公司2四级机构1,分公司2四级机构1业务部1,0.85,30192,35520
2016,5,分公司2,分公司2四级机构1,分公司2四级机构1业务部2,0.83,8759,10553
2016,5,分公司2,分公司2四级机构2,分公司2四级机构2业务部1,0.34,16454,48394
2016,5,分公司2,分公司2四级机构2,分公司2四级机构2业务部2,0.49,9334,19048
2016,5,分公司3,分公司3四级机构1,分公司3四级机构1业务部1,0.66,64960,98424
2016,5,分公司3,分公司3四级机构1,分公司3四级机构1业务部2,0.04,793,19823
2016,5,分公司4,分公司4四级机构1,分公司4四级机构1业务部1,0.27,24674,91386
2016,5,分公司4,分公司4四级机构1,分公司4四级机构1业务部2,0.08,4383,54793
2016,5,分公司4,分公司4四级机构2,分公司4四级机构2业务部1,0.45,1956,4347
2016,5,分公司4,分公司4四级机构2,分公司4四级机构2业务部2,0.88,4689,5328
2016,5,分公司4,分公司4四级机构3,分公司4四级机构3业务部1,0.73,62018,84956
2016,5,分公司4,分公司4四级机构3,分公司4四级机构3业务部2,0.11,3984,36215
2016,5,分公司5,分公司5四级机构1,分公司5四级机构1业务部1,0.19,14311,75322
2016,5,分公司5,分公司5四级机构2,分公司5四级机构2业务部1,0.14,3060,21854
2016,5,分公司5,分公司5四级机构2,分公司5四级机构2业务部2,0.22,6865,31205
2016,5,分公司5,分公司5四级机构3,分公司5四级机构3业务部1,0.84,43452,51728
2016,5,分公司5,分公司5四级机构3,分公司5四级机构3业务部2,0.81,70201,86668
2016,6,分公司1,分公司1四级机构1,分公司1四级机构1业务部1,0.46,28853,62723
2016,6,分公司1,分公司1四级机构2,分公司1四级机构2业务部1,0.02,1828,91422
2016,6,分公司1,分公司1四级机构2,分公司1四级机构2业务部2,0.98,41963,42819
2016,6,分公司2,分公司2四级机构1,分公司2四级机构1业务部1,1,48863,48863
2016,6,分公司3,分公司3四级机构1,分公司3四级机构1业务部1,0.36,10939,30386
2016,6,分公司3,分公司3四级机构1,分公司3四级机构1业务部2,0.58,55951,96467
2016,6,分公司3,分公司3四级机构2,分公司3四级机构2业务部1,0.32,4661,14565
2016,6,分公司3,分公司3四级机构2,分公司3四级机构2业务部2,0.51,6308,12368
2016,6,分公司4,分公司4四级机构1,分公司4四级机构1业务部1,0.73,20543,28141
2016,6,分公司4,分公司4四级机构1,分公司4四级机构1业务部2,0.86,62981,73234
2016,6,分公司4,分公司4四级机构2,分公司4四级机构2业务部1,0.82,34953,42626
2016,6,分公司5,分公司5四级机构1,分公司5四级机构1业务部1,0.34,12193,35861
2016,6,分公司5,分公司5四级机构2,分公司5四级机构2业务部1,0.71,46910,66071
2016,6,分公司5,分公司5四级机构2,分公司5四级机构2业务部2,0.2,5744,28721
2016,6,分公司5,分公司5四级机构3,分公司5四级机构3业务部1,0.52,34745,66818
2016,7,分公司1,分公司1四级机构1,分公司1四级机构1业务部1,0.89,32141,36114
2016,7,分公司1,分公司1四级机构2,分公司1四级机构2业务部1,0.49,37374,76274
2016,7,分公司1,分公司1四级机构3,分公司1四级机构3业务部1,0.75,45554,60738
2016,7,分公司1,分公司1四级机构3,分公司1四级机构3业务部2,0.56,51014,91096
2016,7,分公司2,分公司2四级机构1,分公司2四级机构1业务部1,0.74,61675,83344
2016,7,分公司2,分公司2四级机构1,分公司2四级机构1业务部2,0.02,1668,83385
2016,7,分公司3,分公司3四级机构1,分公司3四级机构1业务部1,0.98,41898,42753
2016,7,分公司4,分公司4四级机构1,分公司4四级机构1业务部1,0.27,13758,50957
2016,7,分公司4,分公司4四级机构2,分公司4四级机构2业务部1,0.56,47150,84196
2016,7,分公司5,分公司5四级机构1,分公司5四级机构1业务部1,0.63,2378,3774
2016,8,分公司1,分公司1四级机构1,分公司1四级机构1业务部1,0.56,2895,5170
2016,8,分公司1,分公司1四级机构1,分公司1四级机构1业务部2,0.98,16749,17091
2016,8,分公司1,分公司1四级机构2,分公司1四级机构2业务部1,0.9,41695,46328
2016,8,分公司1,分公司1四级机构2,分公司1四级机构2业务部2,0.68,60477,88937
2016,8,分公司1,分公司1四级机构3,分公司1四级机构3业务部1,0.23,20358,88515
2016,8,分公司1,分公司1四级机构3,分公司1四级机构3业务部2,0.73,51684,70800
2016,8,分公司2,分公司2四级机构1,分公司2四级机构1业务部1,0,0,44613
2016,8,分公司3,分公司3四级机构1,分公司3四级机构1业务部1,0.11,1073,9751
2016,8,分公司4,分公司4四级机构1,分公司4四级机构1业务部1,0.59,49354,83650
2016,8,分公司4,分公司4四级机构1,分公司4四级机构1业务部2,0.72,42116,58495
2016,8,分公司4,分公司4四级机构2,分公司4四级机构2业务部1,0.62,11690,18855
2016,8,分公司4,分公司4四级机构3,分公司4四级机构3业务部1,0.48,19876,41409
2016,8,分公司5,分公司5四级机构1,分公司5四级机构1业务部1,1,11597,11597
2016,8,分公司5,分公司5四级机构2,分公司5四级机构2业务部1,0.56,10022,17897
2016,8,分公司5,分公司5四级机构3,分公司5四级机构3业务部1,0.15,12539,83592
2016,9,分公司1,分公司1四级机构1,分公司1四级机构1业务部1,0.74,57908,78254
2016,9,分公司1,分公司1四级机构1,分公司1四级机构1业务部2,0.59,48832,82766
2016,9,分公司2,分公司2四级机构1,分公司2四级机构1业务部1,0.4,6852,17131
2016,9,分公司2,分公司2四级机构1,分公司2四级机构1业务部2,0.33,30288,91781
2016,9,分公司3,分公司3四级机构1,分公司3四级机构1业务部1,0.16,359,2244
2016,9,分公司3,分公司3四级机构1,分公司3四级机构1业务部2,0.97,85669,88319
2016,9,分公司3,分公司3四级机构2,分公司3四级机构2业务部1,0.91,64502,70881
2016,9,分公司3,分公司3四级机构2,分公司3四级机构2业务部2,0.69,36036,52226
2016,9,分公司3,分公司3四级机构3,分公司3四级机构3业务部1,0.04,411,10265
2016,9,分公司3,分公司3四级机构3,分公司3四级机构3业务部2,0.24,6753,28138
2016,9,分公司4,分公司4四级机构1,分公司4四级机构1业务部1,0.24,11031,45964
2016,9,分公司4,分公司4四级机构1,分公司4四级机构1业务部2,0.67,7511,11210
2016,9,分公司5,分公司5四级机构1,分公司5四级机构1业务部1,0.01,297,29700
2016,9,分公司5,分公司5四级机构2,分公司5四级机构2业务部1,0.55,51149,92999
2016,10,分公司1,分公司1四级机构1,分公司1四级机构1业务部1,0.38,22408,58969
2016,10,分公司1,分公司1四级机构1,分公司1四级机构1业务部2,0.75,13553,18070
2016,10,分公司2,分公司2四级机构1,分公司2四级机构1业务部1,0.39,6333,16239
2016,10,分公司2,分公司2四级机构1,分公司2四级机构1业务部2,0.41,37612,91737
2016,10,分公司2,分公司2四级机构2,分公司2四级机构2业务部1,0.72,12860,17861
2016,10,分公司2,分公司2四级机构2,分公司2四级机构2业务部2,0.15,13584,90560
2016,10,分公司2,分公司2四级机构3,分公司2四级机构3业务部1,0.2,12821,64104
2016,10,分公司3,分公司3四级机构1,分公司3四级机构1业务部1,0.54,52944,98044
2016,10,分公司3,分公司3四级机构2,分公司3四级机构2业务部1,0.86,68185,79285
2016,10,分公司3,分公司3四级机构2,分公司3四级机构2业务部2,0.84,29607,35247
2016,10,分公司3,分公司3四级机构3,分公司3四级机构3业务部1,0.79,16456,20830
2016,10,分公司4,分公司4四级机构1,分公司4四级机构1业务部1,0.47,39063,83112
2016,10,分公司5,分公司5四级机构1,分公司5四级机构1业务部1,0.47,6074,12923
2016,11,分公司1,分公司1四级机构1,分公司1四级机构1业务部1,0.25,6894,27577
2016,11,分公司2,分公司2四级机构1,分公司2四级机构1业务部1,0.41,39874,97253
2016,11,分公司2,分公司2四级机构1,分公司2四级机构1业务部2,0.62,50070,80758
2016,11,分公司2,分公司2四级机构2,分公司2四级机构2业务部1,0.86,50880,59163
2016,11,分公司2,分公司2四级机构3,分公司2四级机构3业务部1,0.97,84481,87094
2016,11,分公司2,分公司2四级机构3,分公司2四级机构3业务部2,0.03,1180,39340
2016,11,分公司3,分公司3四级机构1,分公司3四级机构1业务部1,0.14,13178,94130
2016,11,分公司3,分公司3四级机构2,分公司3四级机构2业务部1,0.23,8919,38778
2016,11,分公司3,分公司3四级机构3,分公司3四级机构3业务部1,0.35,31060,88744
2016,11,分公司3,分公司3四级机构3,分公司3四级机构3业务部2,0.35,5312,15177
2016,11,分公司4,分公司4四级机构1,分公司4四级机构1业务部1,0.36,13021,36170
2016,11,分公司4,分公司4四级机构2,分公司4四级机构2业务部1,0.95,86772,91339
2016,11,分公司4,分公司4四级机构2,分公司4四级机构2业务部2,0.52,2432,4677
2016,11,分公司4,分公司4四级机构3,分公司4四级机构3业务部1,0.35,6923,19781
2016,11,分公司4,分公司4四级机构3,分公司4四级机构3业务部2,0.87,57078,65607
2016,11,分公司5,分公司5四级机构1,分公司5四级机构1业务部1,0.63,52710,83666
2016,11,分公司5,分公司5四级机构1,分公司5四级机构1业务部2,0.3,8964,29879
2016,11,分公司5,分公司5四级机构2,分公司5四级机构2业务部1,0.83,30862,37183
2016,11,分公司5,分公司5四级机构3,分公司5四级机构3业务部1,0.65,14942,22987
2016,12,分公司1,分公司1四级机构1,分公司1四级机构1业务部1,0.22,8003,36377
2016,12,分公司1,分公司1四级机构1,分公司1四级机构1业务部2,0.18,11036,61310
2016,12,分公司1,分公司1四级机构2,分公司1四级机构2业务部1,0.89,52077,58514
2016,12,分公司1,分公司1四级机构2,分公司1四级机构2业务部2,0.73,48890,66973
2016,12,分公司2,分公司2四级机构1,分公司2四级机构1业务部1,0.57,49310,86509
2016,12,分公司2,分公司2四级机构2,分公司2四级机构2业务部1,0.61,39210,64279
2016,12,分公司2,分公司2四级机构2,分公司2四级机构2业务部2,0.73,59092,80948
2016,12,分公司2,分公司2四级机构3,分公司2四级机构3业务部1,0.23,2501,10876
2016,12,分公司2,分公司2四级机构3,分公司2四级机构3业务部2,0.28,8970,32036
2016,12,分公司3,分公司3四级机构1,分公司3四级机构1业务部1,0.85,6536,7689
2016,12,分公司4,分公司4四级机构1,分公司4四级机构1业务部1,0.25,9834,39336
2016,12,分公司4,分公司4四级机构1,分公司4四级机构1业务部2,0.7,68913,98447
2016,12,分公司4,分公司4四级机构2,分公司4四级机构2业务部1,0.54,26618,49293
2016,12,分公司4,分公司4四级机构2,分公司4四级机构2业务部2,0.27,16819,62292
2016,12,分公司5,分公司5四级机构1,分公司5四级机构1业务部1,0.56,29851,53306
